Location ID,Last Retrieved Date,Successful Calls,Needs Data
09700336,2025-03-04,1,False
09700327,2025-03-04,1,False
09700380,2025-03-04,1,False
09700392,2025-03-04,1,False
09700376,2025-03-04,1,False
09700364,2025-03-04,1,False
09700382,2025-03-04,1,False
09700322,2025-03-04,1,False
09700324,2025-03-04,1,False
09700408,2025-03-04,1,False
09700323,2025-03-04,1,False
01600803,2025-03-04,1,False
01600512,2025-03-04,1,False
01600963,2025-03-04,1,False
01600268,2025-03-04,1,False
01600202,2025-03-04,1,False
01600562,2025-03-04,1,False
01600371,2025-03-04,1,False
01600558,2025-03-04,1,False
01600812,2025-03-04,1,False
01600977,2025-03-04,1,False
02900714,2025-03-04,1,False
02900813,2025-03-04,1,False
02900755,2025-03-04,1,False
540FC008,2025-03-06,1,True
02900774,2025-03-04,1,False
01600891,2025-03-04,1,False
02900800,2025-03-04,1,False
02900776,2025-03-04,1,False
01600251,2025-03-04,1,False
02900752,2025-03-04,1,False
02900722,2025-03-04,1,False
02900799,2025-03-04,1,False
02900753,2025-03-04,1,False
02900730,2025-03-04,1,False
02900739,2025-03-04,1,False
09700388,2025-03-04,1,False
542FC002,2025-03-06,1,True
540FC002,2025-03-06,1,True
09700100,2025-03-04,1,False
09700409,2025-03-04,1,False
09700310,2025-03-04,1,False
09700242,2025-03-04,1,False
09700284,2025-03-04,1,False
09700230,2025-03-04,1,False
09700325,2025-03-04,1,False
09700326,2025-03-04,1,False
09700237,2025-03-04,1,False
09700238,2025-03-04,1,False
09700384,2025-03-04,1,False
09700309,2025-03-04,1,False
09700085,2025-03-04,1,False
09700081,2025-03-04,1,False
09700403,2025-03-04,1,False
09700373,2025-03-04,1,False
09700338,2025-03-04,1,False
09700329,2025-03-04,1,False
09700328,2025-03-04,1,False
09700253,2025-03-04,1,False
09700302,2025-03-04,1,False
09700404,2025-03-04,1,False
09700313,2025-03-04,1,False
09700308,2025-03-04,1,False
09700303,2025-03-04,1,False
09700307,2025-03-04,1,False
02900310,2025-03-04,1,False
09700231,2025-03-04,1,False
09700352,2025-03-04,1,False
09700383,2025-03-04,1,False
09700023,2025-03-04,1,False
09700486,2025-03-04,1,False
09700083,2025-03-04,1,False
09700371,2025-03-04,1,False
09700262,2025-03-04,1,False
09700235,2025-03-04,1,False
09700413,2025-03-04,1,False
09700279,2025-03-04,1,False
09700133,2025-03-04,1,False
09700398,2025-03-04,1,False
542FC321,2025-03-06,1,True
542FC809,2025-03-06,1,True
09700316,2025-03-04,1,False
09700270,2025-03-04,1,False
09700488,2025-03-04,1,False
09700487,2025-03-04,1,False
09700132,2025-03-04,1,False
02900334,2025-03-04,1,False
02900239,2025-03-04,1,False
02900359,2025-03-04,1,False
09700177,2025-03-04,1,False
09700332,2025-03-04,1,False
02900515,2025-03-04,1,False
02900517,2025-03-04,1,False
02900519,2025-03-04,1,False
02900500,2025-03-04,1,False
02900510,2025-03-04,1,False
02900525,2025-03-04,1,False
02900503,2025-03-04,1,False
02900509,2025-03-04,1,False
02900511,2025-03-04,1,False
02900504,2025-03-04,1,False
02900502,2025-03-04,1,False
02900505,2025-03-04,1,False
02900514,2025-03-04,1,False
02900501,2025-03-04,1,False
02900523,2025-03-04,1,False
09700356,2025-03-04,1,False
02900520,2025-03-04,1,False
02900512,2025-03-04,1,False
02900524,2025-03-04,1,False
09700462,2025-03-04,1,False
02900577,2025-03-04,1,False
09700320,2025-03-04,1,False
02900573,2025-03-04,1,False
02900555,2025-03-04,1,False
09700006,2025-03-04,1,False
09700460,2025-03-04,1,False
02900543,2025-03-04,1,False
02900575,2025-03-04,1,False
09700461,2025-03-04,1,False
02900228,2025-03-04,1,False
09700007,2025-03-04,1,False
09700407,2025-03-04,1,False
02900554,2025-03-06,1,True
02900532,2025-03-04,1,False
09700463,2025-03-04,1,False
09700315,2025-03-04,1,False
09700378,2025-03-04,1,False
09700464,2025-03-04,1,False
02900542,2025-03-04,1,False
09700459,2025-03-04,1,False
02900539,2025-03-06,1,True
09700161,2025-03-04,1,False
02900533,2025-03-04,1,False
09700181,2025-03-04,1,False
02900343,2025-03-04,1,False
02900540,2025-03-06,1,True
09700369,2025-03-04,1,False
02900537,2025-03-04,1,False
09700467,2025-03-04,1,False
09700350,2025-03-04,1,False
09700419,2025-03-04,1,False
09700239,2025-03-04,1,False
02900557,2025-03-06,1,True
09700465,2025-03-04,1,False
09700176,2025-03-04,1,False
02900578,2025-03-06,1,True
02900572,2025-03-06,1,True
02900580,2025-03-04,1,False
09700051,2025-03-04,1,False
09700266,2025-03-04,1,False
02900406,2025-03-04,1,False
02900404,2025-03-04,1,False
02900408,2025-03-04,1,False
02900326,2025-03-04,1,False
02900327,2025-03-04,1,False
02900377,2025-03-04,1,False
02900118,2025-03-04,1,False
02900364,2025-03-04,1,False
02900391,2025-03-04,1,False
02900209,2025-03-04,1,False
02900322,2025-03-04,1,False
02900325,2025-03-04,1,False
02900208,2025-03-04,1,False
02900765,2025-03-04,1,False
02900400,2025-03-04,1,False
02900330,2025-03-04,1,False
02900399,2025-03-04,1,False
02900202,2025-03-04,1,False
02900320,2025-03-04,1,False
02900226,2025-03-04,1,False
02900375,2025-03-04,1,False
02900401,2025-03-04,1,False
02900347,2025-03-04,1,False
02900402,2025-03-04,1,False
02900350,2025-03-04,1,False
02900210,2025-03-04,1,False
02900345,2025-03-04,1,False
02900215,2025-03-04,1,False
02900734,2025-03-04,1,False
09700387,2025-03-04,1,False
09700175,2025-03-04,1,False
09700063,2025-03-04,1,False
09700362,2025-03-04,1,False
09700287,2025-03-04,1,False
09700288,2025-03-04,1,False
09700354,2025-03-04,1,False
09700353,2025-03-04,1,False
09700043,2025-03-04,1,False
09700367,2025-03-04,1,False
09700395,2025-03-04,1,False
09700493,2025-03-04,1,False
09700136,2025-03-04,1,False
09700254,2025-03-04,1,False
09700497,2025-03-04,1,False
09700495,2025-03-04,1,False
09700394,2025-03-04,1,False
09700090,2025-03-04,1,False
09700492,2025-03-04,1,False
09700026,2025-03-04,1,False
09700344,2025-03-04,1,False
09700304,2025-03-04,1,False
09700319,2025-03-04,1,False
09700422,2025-03-04,1,False
09700172,2025-03-04,1,False
09700289,2025-03-04,1,False
09700069,2025-03-04,1,False
09700491,2025-03-04,1,False
09700021,2025-03-04,1,False
09700224,2025-03-04,1,False
09700024,2025-03-04,1,False
09700223,2025-03-04,1,False
09700117,2025-03-04,1,False
09700038,2025-03-04,1,False
09700112,2025-03-04,1,False
09700104,2025-03-04,1,False
09700229,2025-03-04,1,False
09700115,2025-03-04,1,False
09700430,2025-03-04,1,False
09700330,2025-03-04,1,False
09700494,2025-03-04,1,False
09700236,2025-03-04,1,False
09700257,2025-03-04,1,False
09700138,2025-03-04,1,False
09700283,2025-03-04,1,False
09700298,2025-03-04,1,False
09700120,2025-03-04,1,False
09700297,2025-03-04,1,False
09700496,2025-03-04,1,False
09700137,2025-03-04,1,False
09700345,2025-03-04,1,False
09700058,2025-03-04,1,False
09700335,2025-03-04,1,False
09700331,2025-03-04,1,False
09700118,2025-03-04,1,False
09700312,2025-03-04,1,False
09700311,2025-03-04,1,False
09700498,2025-03-04,1,False
09700091,2025-03-04,1,False
09700347,2025-03-04,1,False
09700280,2025-03-04,1,False
09700306,2025-03-04,1,False
09700342,2025-03-04,1,False
09700033,2025-03-04,1,False
02900743,2025-03-04,1,False
02900316,2025-03-04,1,False
02900770,2025-03-04,1,False
09700346,2025-03-04,1,False
09700250,2025-03-04,1,False
02900790,2025-03-04,1,False
02900805,2025-03-04,1,False
09700127,2025-03-04,1,False
09700334,2025-03-04,1,False
09700216,2025-03-04,1,False
09700155,2025-03-04,1,False
09700037,2025-03-04,1,False
09700173,2025-03-04,1,False
09700064,2025-03-04,1,False
02900780,2025-03-04,1,False
09700341,2025-03-04,1,False
09700228,2025-03-04,1,False
309DC309,2025-03-06,1,True
09700178,2025-03-04,1,False
09700274,2025-03-04,1,False
09700099,2025-03-04,1,False
09700078,2025-03-04,1,False
09700202,2025-03-04,1,False
09700263,2025-03-04,1,False
02900754,2025-03-06,1,True
02900772,2025-03-04,1,False
02900817,2025-03-04,1,False
02900668,2025-03-04,1,False
02900255,2025-03-04,1,False
02900786,2025-03-04,1,False
02900778,2025-03-04,1,False
02900785,2025-03-04,1,False
02900807,2025-03-04,1,False
02900769,2025-03-04,1,False
02900768,2025-03-04,1,False
09700268,2025-03-04,1,False
09700068,2025-03-04,1,False
09700471,2025-03-04,1,False
09700416,2025-03-04,1,False
542FC011,2025-03-06,1,True
540FC011,2025-03-06,1,True
09700190,2025-03-04,1,False
09700179,2025-03-04,1,False
09700340,2025-03-04,1,False
09700272,2025-03-04,1,False
02900335,2025-03-04,1,False
02900328,2025-03-04,1,False
02900261,2025-03-04,1,False
02900367,2025-03-04,1,False
09700163,2025-03-04,1,False
09700165,2025-03-04,1,False
09700348,2025-03-04,1,False
02400355,2025-03-04,1,False
02600562,2025-03-04,1,False
02600536,2025-03-04,1,False
02400760,2025-03-04,1,False
02400719,2025-03-04,1,False
02400409,2025-03-04,1,False
02400331,2025-03-04,1,False
02600558,2025-03-04,1,False
02600698,2025-03-04,1,False
02600506,2025-03-04,1,False
02600581,2025-03-04,1,False
02600670,2025-03-04,1,False
02400411,2025-03-04,1,False
02600531,2025-03-04,1,False
02600549,2025-03-04,1,False
02600848,2025-03-04,1,False
02400916,2025-03-04,1,False
02600530,2025-03-04,1,False
02600684,2025-03-04,1,False
02900782,2025-03-04,1,False
02900788,2025-03-04,1,False
02900792,2025-03-04,1,False
02900781,2025-03-04,1,False
02900725,2025-03-04,1,False
02900783,2025-03-04,1,False
02900794,2025-03-04,1,False
02400734,2025-03-04,1,False
02900763,2025-03-04,1,False
02900796,2025-03-04,1,False
09700121,2025-03-04,1,False
09700209,2025-03-04,1,False
09700122,2025-03-04,1,False
09700220,2025-03-04,1,False
09700472,2025-03-04,1,False
09700366,2025-03-04,1,False
09700092,2025-03-04,1,False
09700466,2025-03-04,1,False
09700258,2025-03-04,1,False
09700046,2025-03-04,1,False
09700205,2025-03-04,1,False
09700401,2025-03-04,1,False
09700386,2025-03-04,1,False
02900708,2025-03-04,1,False
01600664,2025-03-04,1,False
01600590,2025-03-04,1,False
01600575,2025-03-04,1,False
01600901,2025-03-04,1,False
01600529,2025-03-04,1,False
01600831,2025-03-04,1,False
01600363,2025-03-04,1,False
01600542,2025-03-04,1,False
01600348,2025-03-04,1,False
01600312,2025-03-04,1,False
01600313,2025-03-04,1,False
01600931,2025-03-04,1,False
01600801,2025-03-04,1,False
01600264,2025-03-04,1,False
01600844,2025-03-04,1,False
01600621,2025-03-04,1,False
01600851,2025-03-04,1,False
01600532,2025-03-04,1,False
01600538,2025-03-04,1,False
01600861,2025-03-04,1,False
540FC212,2025-03-04,1,False
01600991,2025-03-04,1,False
01600926,2025-03-04,1,False
01600514,2025-03-04,1,False
01600543,2025-03-04,1,False
01600591,2025-03-04,1,False
01600128,2025-03-04,1,False
01400380,2025-03-04,1,False
01600232,2025-03-04,1,False
01600842,2025-03-04,1,False
01600815,2025-03-04,1,False
01600822,2025-03-04,1,False
01600853,2025-03-04,1,False
01600806,2025-03-04,1,False
01600897,2025-03-04,1,False
01600893,2025-03-04,1,False
01600315,2025-03-04,1,False
01600341,2025-03-04,1,False
01600522,2025-03-04,1,False
01600569,2025-03-04,1,False
01600990,2025-03-04,1,False
01600871,2025-03-04,1,False
01600587,2025-03-04,1,False
01600519,2025-03-04,1,False
01600881,2025-03-04,1,False
01600546,2025-03-04,1,False
01600598,2025-03-04,1,False
01600942,2025-03-04,1,False
01600965,2025-03-04,1,False
01600971,2025-03-04,1,False
01600593,2025-03-04,1,False
01600623,2025-03-04,1,False
01600920,2025-03-04,1,False
01600819,2025-03-04,1,False
01600328,2025-03-04,1,False
01600867,2025-03-04,1,False
01600818,2025-03-04,1,False
01600847,2025-03-04,1,False
01600879,2025-03-04,1,False
01600966,2025-03-04,1,False
01600273,2025-03-04,1,False
01400420,2025-03-04,1,False
02400712,2025-03-04,1,False
01400920,2025-03-04,1,False
01600820,2025-03-04,1,False
01600802,2025-03-04,1,False
09700474,2025-03-04,1,False
09700174,2025-03-04,1,False
09700061,2025-03-04,1,False
09700412,2025-03-04,1,False
09700305,2025-03-04,1,False
09700208,2025-03-04,1,False
09700039,2025-03-04,1,False
09700218,2025-03-04,1,False
09700171,2025-03-04,1,False
09700473,2025-03-04,1,False
09700035,2025-03-04,1,False
09700160,2025-03-04,1,False
09700157,2025-03-04,1,False
09700872,2025-03-04,1,False
09700294,2025-03-04,1,False
09700003,2025-03-04,1,False
09700004,2025-03-04,1,False
09700204,2025-03-04,1,False
09700030,2025-03-04,1,False
09700147,2025-03-04,1,False
09700273,2025-03-04,1,False
09700281,2025-03-04,1,False
09700129,2025-03-04,1,False
09700045,2025-03-04,1,False
09700439,2025-03-04,1,False
09700440,2025-03-04,1,False
09700066,2025-03-04,1,False
09700088,2025-03-04,1,False
09700011,2025-03-04,1,False
09700027,2025-03-04,1,False
09700343,2025-03-04,1,False
09700370,2025-03-04,1,False
09700249,2025-03-04,1,False
09700317,2025-03-04,1,False
09700475,2025-03-04,1,False
09700082,2025-03-04,1,False
09700080,2025-03-04,1,False
09700182,2025-03-04,1,False
09700212,2025-03-04,1,False
09700029,2025-03-04,1,False
09700025,2025-03-04,1,False
09700393,2025-03-04,1,False
09700421,2025-03-04,1,False
09700139,2025-03-04,1,False
09700135,2025-03-04,1,False
09700191,2025-03-04,1,False
09700225,2025-03-04,1,False
09700210,2025-03-04,1,False
09700162,2025-03-04,1,False
09700158,2025-03-04,1,False
09700301,2025-03-04,1,False
09700441,2025-03-04,1,False
09700264,2025-03-04,1,False
09700096,2025-03-04,1,False
09700265,2025-03-04,1,False
09700149,2025-03-04,1,False
09700372,2025-03-04,1,False
09700291,2025-03-04,1,False
09700357,2025-03-04,1,False
09700420,2025-03-04,1,False
01100678,2025-03-04,1,False
01100448,2025-03-04,1,False
01100002,2025-03-04,1,False
01100012,2025-03-04,1,False
09700124,2025-03-04,1,False
01100020,2025-03-04,1,False
01100016,2025-03-04,1,False
01100026,2025-03-04,1,False
01100025,2025-03-04,1,False
02600862,2025-03-04,1,False
02600683,2025-03-04,1,False
02600525,2025-03-04,1,False
02600686,2025-03-04,1,False
02600690,2025-03-04,1,False
02600628,2025-03-04,1,False
01100437,2025-03-04,1,False
01100670,2025-03-04,1,False
01100682,2025-03-04,1,False
02600597,2025-03-04,1,False
01100620,2025-03-04,1,False
01100265,2025-03-04,1,False
02600599,2025-03-04,1,False
01100473,2025-03-04,1,False
01100458,2025-03-04,1,False
01100632,2025-03-04,1,False
01100432,2025-03-04,1,False
01100408,2025-03-04,1,False
01100638,2025-03-04,1,False
01100627,2025-03-04,1,False
01100416,2025-03-04,1,False
01100687,2025-03-04,1,False
01100494,2025-03-04,1,False
01100444,2025-03-04,1,False
01100486,2025-03-04,1,False
01100393,2025-03-04,1,False
01100680,2025-03-04,1,False
01100457,2025-03-04,1,False
01100402,2025-03-04,1,False
01100426,2025-03-04,1,False
01100434,2025-03-04,1,False
01100495,2025-03-04,1,False
01100469,2025-03-04,1,False
01100635,2025-03-04,1,False
01100430,2025-03-04,1,False
01100390,2025-03-04,1,False
01100415,2025-03-04,1,False
01100424,2025-03-04,1,False
01100477,2025-03-04,1,False
01100618,2025-03-04,1,False
01100428,2025-03-04,1,False
01100255,2025-03-04,1,False
01100435,2025-03-04,1,False
01100675,2025-03-04,1,False
09700355,2025-03-04,1,False
09700368,2025-03-04,1,False
01100640,2025-03-04,1,False
09700363,2025-03-04,1,False
01100676,2025-03-04,1,False
09700406,2025-03-04,1,False
01100664,2025-03-04,1,False
01100294,2025-03-04,1,False
09700429,2025-03-06,1,True
09700428,2025-03-06,1,True
01100414,2025-03-04,1,False
09700410,2025-03-04,1,False
01100644,2025-03-04,1,False
09700451,2025-03-04,1,False
09700365,2025-03-04,1,False
01100703,2025-03-04,1,False
01100625,2025-03-04,1,False
01100499,2025-03-04,1,False
09700455,2025-03-04,1,False
09700028,2025-03-04,1,False
09700277,2025-03-04,1,False
09700456,2025-03-04,1,False
09700019,2025-03-04,1,False
09700454,2025-03-04,1,False
09700453,2025-03-04,1,False
09700087,2025-03-04,1,False
09700131,2025-03-04,1,False
09700457,2025-03-04,1,False
09700152,2025-03-04,1,False
09700385,2025-03-04,1,False
09700450,2025-03-04,1,False
01100671,2025-03-04,1,False
09700423,2025-03-04,1,False
09700452,2025-03-04,1,False
01100418,2025-03-04,1,False
01100979,2025-03-04,1,False
01100645,2025-03-04,1,False
01100609,2025-03-04,1,False
01100697,2025-03-04,1,False
01100460,2025-03-04,1,False
01100688,2025-03-04,1,False
01100639,2025-03-04,1,False
01100679,2025-03-04,1,False
01100352,2025-03-04,1,False
01100480,2025-03-04,1,False
01100443,2025-03-04,1,False
01100374,2025-03-04,1,False
01100483,2025-03-04,1,False
01100476,2025-03-04,1,False
01100440,2025-03-04,1,False
01100394,2025-03-04,1,False
01100484,2025-03-04,1,False
01100636,2025-03-04,1,False
01100214,2025-03-04,1,False
01100381,2025-03-04,1,False
01100438,2025-03-04,1,False
01100449,2025-03-04,1,False
01100389,2025-03-04,1,False
01100344,2025-03-04,1,False
01100320,2025-03-04,1,False
01100621,2025-03-04,1,False
01100653,2025-03-04,1,False
01100482,2025-03-04,1,False
01100441,2025-03-04,1,False
01100685,2025-03-04,1,False
01100445,2025-03-04,1,False
01100324,2025-03-04,1,False
01100694,2025-03-04,1,False
01100431,2025-03-04,1,False
01100354,2025-03-04,1,False
01100212,2025-03-04,1,False
01100436,2025-03-04,1,False
01100210,2025-03-04,1,False
01100375,2025-03-04,1,False
01100459,2025-03-04,1,False
01100218,2025-03-04,1,False
01100497,2025-03-04,1,False
01100478,2025-03-06,1,True
01100419,2025-03-06,1,True
01100335,2025-03-06,1,True
01100657,2025-03-06,1,True
01100467,2025-03-06,1,True
01100463,2025-03-06,1,True
01100491,2025-03-06,1,True
01100350,2025-03-06,1,True
01100318,2025-03-06,1,True
01100365,2025-03-06,1,True
01100674,2025-03-06,1,True
01100487,2025-03-06,1,True
09700168,2025-03-06,1,True
01100633,2025-03-06,1,True
01100475,2025-03-06,1,True
01100427,2025-03-06,1,True
01100405,2025-03-06,1,True
01100493,2025-03-06,1,True
01100369,2025-03-06,1,True
01100303,2025-03-06,1,True
01100995,2025-03-06,1,True
540FC004,2025-03-06,1,True
01100492,2025-03-06,1,True
01100488,2025-03-06,1,True
01100461,2025-03-06,1,True
01100373,2025-03-06,1,True
01100413,2025-03-06,1,True
01100672,2025-03-06,1,True
01100655,2025-03-06,1,True
01100695,2025-03-06,1,True
01100364,2025-03-06,1,True
01100319,2025-03-06,1,True
01100298,2025-03-06,1,True
01100626,2025-03-06,1,True
01100412,2025-03-06,1,True
01100346,2025-03-06,1,True
01100471,2025-03-06,1,True
01100315,2025-03-06,1,True
01100462,2025-03-06,1,True
01100490,2025-03-06,1,True
01100465,2025-03-06,1,True
01100619,2025-03-06,1,True
01100247,2025-03-06,1,True
01100451,2025-03-06,1,True
01100730,2025-03-06,1,True
01100699,2025-03-06,1,True
01100464,2025-03-06,1,True
01100422,2025-03-06,1,True
01100454,2025-03-06,1,True
01100388,2025-03-06,1,True
01100376,2025-03-06,1,True
01100291,2025-03-06,1,True
01100446,2025-03-06,1,True
01100455,2025-03-06,1,True
01100397,2025-03-06,1,True
01100629,2025-03-06,1,True
01100356,2025-03-06,1,True
01100498,2025-03-06,1,True
01100442,2025-03-06,1,True
01100634,2025-03-06,1,True
01100453,2025-03-06,1,True
01100456,2025-03-06,1,True
01100673,2025-03-06,1,True
01100391,2025-03-06,1,True
01100616,2025-03-06,1,True
01100485,2025-03-06,1,True
01100366,2025-03-06,1,True
01100420,2025-03-06,1,True
01100367,2025-03-06,1,True
01100647,2025-03-06,1,True
01100363,2025-03-06,1,True
01100429,2025-03-06,1,True
01100339,2025-03-06,1,True
01100667,2025-03-06,1,True
01100310,2025-03-06,1,True
01100425,2025-03-06,1,True
01100355,2025-03-06,1,True
01100378,2025-03-06,1,True
01100411,2025-03-06,1,True
01100400,2025-03-06,1,True
01100631,2025-03-06,1,True
01100328,2025-03-06,1,True
01100260,2025-03-06,1,True
01100696,2025-03-06,1,True
01100257,2025-03-06,1,True
01100641,2025-03-06,1,True
01100407,2025-03-06,1,True
01100439,2025-03-06,1,True
02600503,2025-03-06,1,True
02600892,2025-03-06,1,True
02600561,2025-03-06,1,True
02600517,2025-03-06,1,True
02600849,2025-03-06,1,True
02600508,2025-03-06,1,True
02600559,2025-03-06,1,True
02600677,2025-03-06,1,True
02600605,2025-03-06,1,True
02600606,2025-03-06,1,True
02600543,2025-03-06,1,True
02600893,2025-03-06,1,True
02600564,2025-03-06,1,True
02600534,2025-03-06,1,True
02600532,2025-03-06,1,True
02600539,2025-03-06,1,True
02600529,2025-03-06,1,True
02600565,2025-03-06,1,True
09700044,2025-03-06,1,True
09700034,2025-03-06,1,True
540FC223,2025-03-06,1,True
540FC227,2025-03-06,1,True
540FC225,2025-03-06,1,True
01100921,2025-03-06,1,True
540FC003,2025-03-06,1,True
540FC221,2025-03-06,1,True
540FC226,2025-03-06,1,True
01100924,2025-03-06,1,True
540FC222,2025-03-06,1,True
01100922,2025-03-06,1,True
540FC242,2025-03-06,1,True
01100923,2025-03-06,1,True
02600894,2025-03-06,1,True
02600854,2025-03-06,1,True
02500427,2025-03-06,1,True
02600868,2025-03-06,1,True
02500471,2025-03-06,1,True
02500381,2025-03-06,1,True
02500447,2025-03-06,1,True
02500454,2025-03-06,1,True
02500484,2025-03-06,1,True
02600507,2025-03-06,1,True
02600538,2025-03-06,1,True
02600594,2025-03-06,1,True
02600588,2025-03-06,1,True
02600570,2025-03-06,1,True
02600568,2025-03-06,1,True
02600576,2025-03-06,1,True
02600592,2025-03-06,1,True
02600523,2025-03-06,1,True
02600526,2025-03-06,1,True
02600550,2025-03-06,1,True
02600527,2025-03-06,1,True
02600596,2025-03-06,1,True
02600589,2025-03-06,1,True
02600537,2025-03-06,1,True
02500398,2025-03-06,1,True
02600851,2025-03-06,1,True
02600895,2025-03-06,1,True
02600553,2025-03-06,1,True
02500468,2025-03-06,1,True
02600520,2025-03-06,1,True
02500448,2025-03-06,1,True
02600566,2025-03-06,1,True
02600547,2025-03-06,1,True
02600511,2025-03-06,1,True
02600567,2025-03-06,1,True
02600093,2025-03-06,1,True
02600542,2025-03-06,1,True
02600574,2025-03-06,1,True
540FC243,2025-03-06,1,True
02600993,2025-03-06,1,True
02600502,2025-03-06,1,True
02600533,2025-03-06,1,True
85500298,2025-03-06,1,True
85900198,2025-03-06,1,True
85400398,2025-03-06,1,True
85500198,2025-03-06,1,True
02600880,2025-03-06,1,True
09000348,2025-03-06,1,True
02600845,2025-03-06,1,True
02600578,2025-03-06,1,True
02600518,2025-03-06,1,True
02500355,2025-03-06,1,True
02600557,2025-03-06,1,True
02600590,2025-03-06,1,True
02600866,2025-03-06,1,True
02600884,2025-03-06,1,True
02600514,2025-03-06,1,True
02600619,2025-03-06,1,True
02600519,2025-03-06,1,True
02600569,2025-03-06,1,True
02600571,2025-03-06,1,True
02600541,2025-03-06,1,True
02600041,2025-03-06,1,True
02600897,2025-03-06,1,True
02600545,2025-03-06,1,True
02600575,2025-03-06,1,True
02600544,2025-03-06,1,True
02600540,2025-03-06,1,True
02600582,2025-03-06,1,True
09000363,2025-03-06,1,True
02600585,2025-03-06,1,True
02600509,2025-03-06,1,True
02600535,2025-03-06,1,True
02600522,2025-03-06,1,True
02400873,2025-03-06,1,True
02400563,2025-03-06,1,True
09000322,2025-03-06,1,True
09000284,2025-03-06,1,True
02500435,2025-03-06,1,True
02500391,2025-03-06,1,True
02400770,2025-03-06,1,True
02400718,2025-03-06,1,True
02400336,2025-03-06,1,True
09000282,2025-03-06,1,True
02500338,2025-03-06,1,True
02500250,2025-03-06,1,True
09000234,2025-03-06,1,True
02500414,2025-03-06,1,True
02400900,2025-03-06,1,True
02400369,2025-03-06,1,True
09000341,2025-03-06,1,True
02500392,2025-03-06,1,True
02400745,2025-03-06,1,True
02400757,2025-03-06,1,True
02400717,2025-03-06,1,True
02400730,2025-03-06,1,True
02400362,2025-03-06,1,True
02400705,2025-03-06,1,True
02400733,2025-03-06,1,True
02400363,2025-03-06,1,True
02400713,2025-03-06,1,True
02400402,2025-03-06,1,True
02500462,2025-03-06,1,True
02500433,2025-03-06,1,True
02500463,2025-03-06,1,True
02500483,2025-03-06,1,True
02500465,2025-03-06,1,True
02500440,2025-03-06,1,True
02500393,2025-03-06,1,True
02500456,2025-03-06,1,True
02500457,2025-03-06,1,True
02500426,2025-03-06,1,True
02500489,2025-03-06,1,True
02500410,2025-03-06,1,True
02500405,2025-03-06,1,True
02500438,2025-03-06,1,True
02500387,2025-03-06,1,True
02500481,2025-03-06,1,True
02500419,2025-03-06,1,True
02500339,2025-03-06,1,True
02500425,2025-03-06,1,True
02500439,2025-03-06,1,True
02500437,2025-03-06,1,True
02500430,2025-03-06,1,True
02500451,2025-03-06,1,True
02500491,2025-03-06,1,True
02500488,2025-03-06,1,True
02500401,2025-03-06,1,True
02500402,2025-03-06,1,True
02500415,2025-03-06,1,True
02500452,2025-03-06,1,True
02500464,2025-03-06,1,True
02500486,2025-03-06,1,True
02500404,2025-03-06,1,True
02500469,2025-03-06,1,True
02500453,2025-03-06,1,True
02500499,2025-03-06,1,True
02500478,2025-03-06,1,True
09000296,2025-03-06,1,True
02500409,2025-03-06,1,True
02500473,2025-03-06,1,True
02500386,2025-03-06,1,True
09000295,2025-03-06,1,True
02500434,2025-03-06,1,True
02500370,2025-03-06,1,True
02400672,2025-03-06,1,True
02500429,2025-03-06,1,True
02500466,2025-03-06,1,True
02500474,2025-03-06,1,True
02500377,2025-03-06,1,True
02500472,2025-03-06,1,True
02500492,2025-03-06,1,True
02500494,2025-03-06,1,True
02500345,2025-03-06,1,True
02500490,2025-03-06,1,True
02500493,2025-03-06,1,True
02500479,2025-03-06,1,True
02500363,2025-03-06,1,True
02500497,2025-03-06,1,True
02500449,2025-03-06,1,True
02500388,2025-03-06,1,True
02400408,2025-03-06,1,True
02400758,2025-03-06,1,True
02400777,2025-03-06,1,True
02400360,2025-03-06,1,True
02400743,2025-03-06,1,True
02400728,2025-03-06,1,True
02400913,2025-03-06,1,True
02400366,2025-03-06,1,True
02400356,2025-03-06,1,True
02400376,2025-03-06,1,True
02400379,2025-03-06,1,True
02400309,2025-03-06,1,True
02400346,2025-03-06,1,True
02400300,2025-03-06,1,True
02400729,2025-03-06,1,True
02400739,2025-03-06,1,True
02400368,2025-03-06,1,True
540FC214,2025-03-06,1,True
02400993,2025-03-06,1,True
02400400,2025-03-06,1,True
02400764,2025-03-06,1,True
02400339,2025-03-06,1,True
02400387,2025-03-06,1,True
02400350,2025-03-06,1,True
02400707,2025-03-06,1,True
02400502,2025-03-06,1,True
02400186,2025-03-06,1,True
02400753,2025-03-06,1,True
02400332,2025-03-06,1,True
02400752,2025-03-06,1,True
02400224,2025-03-06,1,True
02400397,2025-03-06,1,True
02400794,2025-03-06,1,True
02400394,2025-03-06,1,True
02400780,2025-03-06,1,True
02400785,2025-03-06,1,True
02400774,2025-03-06,1,True
02400389,2025-03-06,1,True
02400292,2025-03-06,1,True
02400327,2025-03-06,1,True
02400776,2025-03-06,1,True
02400763,2025-03-06,1,True
02400762,2025-03-06,1,True
02400744,2025-03-06,1,True
02400708,2025-03-06,1,True
02400396,2025-03-06,1,True
02400808,2025-03-06,1,True
28500087,2025-03-06,1,True
02400087,2025-03-06,1,True
02400767,2025-03-06,1,True
02400371,2025-03-06,1,True
02400361,2025-03-06,1,True
02400766,2025-03-06,1,True
02400057,2025-03-06,1,True
28500057,2025-03-06,1,True
02400081,2025-03-06,1,True
28500081,2025-03-06,1,True
02400352,2025-03-06,1,True
02400768,2025-03-06,1,True
02400347,2025-03-06,1,True
02400779,2025-03-06,1,True
02400784,2025-03-06,1,True
02400721,2025-03-06,1,True
02400737,2025-03-06,1,True
02400903,2025-03-06,1,True
02400359,2025-03-06,1,True
02400407,2025-03-06,1,True
02400014,2025-03-06,1,True
02400710,2025-03-06,1,True
02400001,2025-03-06,1,True
28500001,2025-03-06,1,True
02400741,2025-03-06,1,True
09000351,2025-03-06,1,True
09000205,2025-03-06,1,True
02400086,2025-03-06,1,True
28500086,2025-03-06,1,True
09000360,2025-03-06,1,True
28500077,2025-03-06,1,True
02400077,2025-03-06,1,True
01400367,2025-03-06,1,True
02400053,2025-03-06,1,True
28500053,2025-03-06,1,True
28500093,2025-03-06,1,True
02400093,2025-03-06,1,True
28500083,2025-03-06,1,True
02400083,2025-03-06,1,True
02400073,2025-03-06,1,True
28500073,2025-03-06,1,True
02400015,2025-03-06,1,True
28500015,2025-03-06,1,True
09000376,2025-03-06,1,True
01400454,2025-03-06,1,True
01400424,2025-03-06,1,True
01400475,2025-03-06,1,True
01400364,2025-03-06,1,True
491DC001,2025-03-06,1,True
01400998,2025-03-06,1,True
540FC215,2025-03-06,1,True
01400988,2025-03-06,1,True
02400035,2025-03-06,1,True
28500035,2025-03-06,1,True
28500017,2025-03-06,1,True
02400017,2025-03-06,1,True
02400090,2025-03-06,1,True
28500090,2025-03-06,1,True
28500008,2025-03-06,1,True
02400008,2025-03-06,1,True
02100710,2025-03-06,1,True
01400361,2025-03-06,1,True
09000236,2025-03-06,1,True
09000261,2025-03-06,1,True
09000233,2025-03-06,1,True
09000227,2025-03-06,1,True
09000235,2025-03-06,1,True
28500070,2025-03-06,1,True
02400070,2025-03-06,1,True
28500052,2025-03-06,1,True
02400052,2025-03-06,1,True
09000215,2025-03-06,1,True
09000232,2025-03-06,1,True
02400055,2025-03-06,1,True
28500055,2025-03-06,1,True
02400056,2025-03-06,1,True
28500056,2025-03-06,1,True
28500084,2025-03-06,1,True
02400084,2025-03-06,1,True
09000222,2025-03-06,1,True
540FC309,2025-03-06,1,True
01400410,2025-03-06,1,True
01400468,2025-03-06,1,True
01400946,2025-03-06,1,True
01400431,2025-03-06,1,True
01400466,2025-03-06,1,True
01400392,2025-03-06,1,True
01400915,2025-03-06,1,True
01400901,2025-03-06,1,True
01400477,2025-03-06,1,True
01400902,2025-03-06,1,True
01400438,2025-03-06,1,True
01400434,2025-03-06,1,True
01400381,2025-03-06,1,True
01400423,2025-03-06,1,True
01400409,2025-03-06,1,True
01400944,2025-03-06,1,True
01400482,2025-03-06,1,True
01400432,2025-03-06,1,True
01400948,2025-03-06,1,True
01400445,2025-03-06,1,True
702FM024,2025-03-06,1,True
540FC200,2025-03-06,1,True
540FC500,2025-03-06,1,True
540FC000,2025-03-06,1,True
542FC807,2025-03-06,1,True
542FC200,2025-03-06,1,True
542FC500,2025-03-06,1,True
01400513,2025-03-06,1,True
01400359,2025-03-06,1,True
01400929,2025-03-06,1,True
01400444,2025-03-06,1,True
01400370,2025-03-06,1,True
01400428,2025-03-06,1,True
01400355,2025-03-06,1,True
01400418,2025-03-06,1,True
01400907,2025-03-06,1,True
01400465,2025-03-06,1,True
01400421,2025-03-06,1,True
01400390,2025-03-06,1,True
01400384,2025-03-06,1,True
01400968,2025-03-06,1,True
01400405,2025-03-06,1,True
480DC002,2025-03-06,1,True
540FC211,2025-03-06,1,True
01400402,2025-03-06,1,True
01400411,2025-03-06,1,True
01400921,2025-03-06,1,True
01400942,2025-03-06,1,True
01400351,2025-03-06,1,True
01400045,2025-03-06,1,True
01400435,2025-03-06,1,True
01400433,2025-03-06,1,True
01400082,2025-03-06,1,True
01400413,2025-03-06,1,True
01400353,2025-03-06,1,True
01400007,2025-03-06,1,True
09000004,2025-03-06,1,True
01400021,2025-03-06,1,True
014LS994,2025-03-06,1,True
01400003,2025-03-06,1,True
01400022,2025-03-06,1,True
01400009,2025-03-06,1,True
01400020,2025-03-06,1,True
01400024,2025-03-06,1,True
01400023,2025-03-06,1,True
01400344,2025-03-06,1,True
01400053,2025-03-06,1,True
01400429,2025-03-06,1,True
01400943,2025-03-06,1,True
01400376,2025-03-06,1,True
01400448,2025-03-06,1,True
01400945,2025-03-06,1,True
01400939,2025-03-06,1,True
01400959,2025-03-06,1,True
01400492,2025-03-06,1,True
01400426,2025-03-06,1,True
01400383,2025-03-06,1,True
01400934,2025-03-06,1,True
01400439,2025-03-06,1,True
01400395,2025-03-06,1,True
01400336,2025-03-06,1,True
01400989,2025-03-06,1,True
540FC001,2025-03-06,1,True
01400909,2025-03-06,1,True
01400447,2025-03-06,1,True
01400335,2025-03-06,1,True
01400441,2025-03-06,1,True
01400412,2025-03-06,1,True
01400406,2025-03-06,1,True
01400817,2025-03-06,1,True
02400642,2025-03-06,1,True
02400380,2025-03-06,1,True
02400714,2025-03-06,1,True
02400746,2025-03-06,1,True
02400687,2025-03-06,1,True
02400660,2025-03-06,1,True
02400711,2025-03-06,1,True
09000291,2025-03-06,1,True
09000292,2025-03-06,1,True
02100900,2025-03-06,1,True
01600836,2025-03-06,1,True
01600800,2025-03-06,1,True
01600557,2025-03-06,1,True
01600518,2025-03-06,1,True
01600839,2025-03-06,1,True
01600805,2025-03-06,1,True
01600857,2025-03-06,1,True
01600804,2025-03-06,1,True
01600898,2025-03-06,1,True
01600581,2025-03-06,1,True
01600350,2025-03-06,1,True
01600880,2025-03-06,1,True
01600808,2025-03-06,1,True
01600817,2025-03-06,1,True
01600385,2025-03-06,1,True
01600506,2025-03-06,1,True
01600549,2025-03-06,1,True
01600388,2025-03-06,1,True
01600594,2025-03-06,1,True
01600824,2025-03-06,1,True
01600832,2025-03-06,1,True
01600858,2025-03-06,1,True
01400835,2025-03-06,1,True
01400741,2025-03-06,1,True
01600856,2025-03-06,1,True
01600036,2025-03-06,1,True
01400832,2025-03-06,1,True
01400838,2025-03-06,1,True
01600536,2025-03-06,1,True
01600327,2025-03-06,1,True
01600510,2025-03-06,1,True
01600641,2025-03-06,1,True
01400829,2025-03-06,1,True
01400758,2025-03-06,1,True
01400754,2025-03-06,1,True
01400747,2025-03-06,1,True
01400984,2025-03-06,1,True
01400811,2025-03-06,1,True
01400913,2025-03-06,1,True
01400765,2025-03-06,1,True
01400932,2025-03-06,1,True
01400825,2025-03-06,1,True
01400705,2025-03-06,1,True
01400960,2025-03-06,1,True
01400836,2025-03-06,1,True
01400826,2025-03-06,1,True
01400935,2025-03-06,1,True
01400938,2025-03-06,1,True
01400951,2025-03-06,1,True
01400923,2025-03-06,1,True
01400770,2025-03-06,1,True
01400722,2025-03-06,1,True
01400925,2025-03-06,1,True
09000335,2025-03-06,1,True
01400910,2025-03-06,1,True
01400833,2025-03-06,1,True
09000238,2025-03-06,1,True
01600878,2025-03-06,1,True
01600531,2025-03-06,1,True
01600548,2025-03-06,1,True
01600525,2025-03-06,1,True
01600982,2025-03-06,1,True
01600907,2025-03-06,1,True
01600938,2025-03-06,1,True
02100936,2025-03-06,1,True
01600504,2025-03-06,1,True
01600870,2025-03-06,1,True
09000242,2025-03-06,1,True
01600957,2025-03-06,1,True
09000243,2025-03-06,1,True
01600617,2025-03-06,1,True
01600511,2025-03-06,1,True
01600895,2025-03-06,1,True
01600810,2025-03-06,1,True
01600940,2025-03-06,1,True
01600864,2025-03-06,1,True
01400828,2025-03-06,1,True
02100914,2025-03-06,1,True
01800578,2025-03-06,1,True
01800579,2025-03-06,1,True
01800577,2025-03-06,1,True
01800708,2025-03-06,1,True
01800458,2025-03-06,1,True
01800576,2025-03-06,1,True
01800415,2025-03-06,1,True
540FC010,2025-03-06,1,True
01800990,2025-03-06,1,True
01800775,2025-03-06,1,True
01800707,2025-03-06,1,True
01800686,2025-03-06,1,True
01800693,2025-03-06,1,True
01800520,2025-03-06,1,True
01800703,2025-03-06,1,True
01800689,2025-03-06,1,True
01800630,2025-03-06,1,True
01800365,2025-03-06,1,True
01800697,2025-03-06,1,True
01800456,2025-03-06,1,True
01800671,2025-03-06,1,True
01800691,2025-03-06,1,True
01800443,2025-03-06,1,True
01800441,2025-03-06,1,True
01800459,2025-03-06,1,True
01800688,2025-03-06,1,True
01800605,2025-03-06,1,True
01800670,2025-03-06,1,True
01800618,2025-03-06,1,True
01800364,2025-03-06,1,True
01800442,2025-03-06,1,True
01800615,2025-03-06,1,True
01800361,2025-03-06,1,True
01800784,2025-03-06,1,True
01800639,2025-03-06,1,True
01800642,2025-03-06,1,True
01800366,2025-03-06,1,True
01800661,2025-03-06,1,True
01800447,2025-03-06,1,True
01800751,2025-03-06,1,True
01800632,2025-03-06,1,True
01800619,2025-03-06,1,True
01800658,2025-03-06,1,True
01800454,2025-03-06,1,True
01800710,2025-03-06,1,True
01800743,2025-03-06,1,True
01800602,2025-03-06,1,True
01800486,2025-03-06,1,True
01800749,2025-03-06,1,True
01800363,2025-03-06,1,True
01800721,2025-03-06,1,True
01800495,2025-03-06,1,True
01800634,2025-03-06,1,True
01800663,2025-03-06,1,True
01800440,2025-03-06,1,True
01800448,2025-03-06,1,True
01800685,2025-03-06,1,True
01800776,2025-03-06,1,True
01800638,2025-03-06,1,True
01800038,2025-03-06,1,True
01800481,2025-03-06,1,True
01800455,2025-03-06,1,True
01800656,2025-03-06,1,True
01800463,2025-03-06,1,True
01800074,2025-03-06,1,True
01800774,2025-03-06,1,True
01800729,2025-03-06,1,True
01800487,2025-03-06,1,True
01800526,2025-03-06,1,True
01800757,2025-03-06,1,True
01800681,2025-03-06,1,True
01800464,2025-03-06,1,True
01800680,2025-03-06,1,True
01800622,2025-03-06,1,True
02100991,2025-03-06,1,True
02100418,2025-03-06,1,True
02100972,2025-03-06,1,True
02100973,2025-03-06,1,True
02100425,2025-03-06,1,True
02100405,2025-03-06,1,True
02100857,2025-03-06,1,True
02100412,2025-03-06,1,True
02100929,2025-03-06,1,True
02100410,2025-03-06,1,True
02100424,2025-03-06,1,True
02100990,2025-03-06,1,True
02100842,2025-03-06,1,True
02100874,2025-03-06,1,True
02100407,2025-03-06,1,True
02100879,2025-03-06,1,True
02100841,2025-03-06,1,True
02100837,2025-03-06,1,True
02100414,2025-03-06,1,True
02100886,2025-03-06,1,True
02100915,2025-03-06,1,True
02100938,2025-03-06,1,True
02100875,2025-03-06,1,True
02100889,2025-03-06,1,True
02100903,2025-03-06,1,True
01800887,2025-03-06,1,True
01800884,2025-03-06,1,True
02100901,2025-03-06,1,True
09000239,2025-03-06,1,True
02100963,2025-03-06,1,True
02100427,2025-03-06,1,True
01800888,2025-03-06,1,True
01800793,2025-03-06,1,True
01800852,2025-03-06,1,True
01800890,2025-03-06,1,True
01800720,2025-03-06,1,True
02100902,2025-03-06,1,True
02100336,2025-03-06,1,True
09000263,2025-03-06,1,True
02100338,2025-03-06,1,True
01800444,2025-03-06,1,True
01800759,2025-03-06,1,True
01800450,2025-03-06,1,True
01800724,2025-03-06,1,True
01400827,2025-03-06,1,True
02100920,2025-03-06,1,True
02100096,2025-03-06,1,True
02100816,2025-03-06,1,True
02100814,2025-03-06,1,True
02100848,2025-03-06,1,True
02100071,2025-03-06,1,True
02100109,2025-03-06,1,True
09000325,2025-03-06,1,True
02100957,2025-03-06,1,True
02100869,2025-03-06,1,True
02100952,2025-03-06,1,True
02100895,2025-03-06,1,True
02100965,2025-03-06,1,True
02100862,2025-03-06,1,True
02100744,2025-03-06,1,True
02100980,2025-03-06,1,True
02100983,2025-03-06,1,True
02100890,2025-03-06,1,True
540FC213,2025-03-06,1,True
02100945,2025-03-06,1,True
02100959,2025-03-06,1,True
02100970,2025-03-06,1,True
02100804,2025-03-06,1,True
02100998,2025-03-06,1,True
02100086,2025-03-06,1,True
02100100,2025-03-06,1,True
02100906,2025-03-06,1,True
02100332,2025-03-06,1,True
02100820,2025-03-06,1,True
02100333,2025-03-06,1,True
02100001,2025-03-06,1,True
02100962,2025-03-06,1,True
02100116,2025-03-06,1,True
02100339,2025-03-06,1,True
02100995,2025-03-06,1,True
02100989,2025-03-06,1,True
02100016,2025-03-06,1,True
02100500,2025-03-06,1,True
02100927,2025-03-06,1,True
02100992,2025-03-06,1,True
02100066,2025-03-06,1,True
02100894,2025-03-06,1,True
02100110,2025-03-06,1,True
02100905,2025-03-06,1,True
02100993,2025-03-06,1,True
02100215,2025-03-06,1,True
02100940,2025-03-06,1,True
02100974,2025-03-06,1,True
02100909,2025-03-06,1,True
02100864,2025-03-06,1,True
09000267,2025-03-06,1,True
02100985,2025-03-06,1,True
02100118,2025-03-06,1,True
02100735,2025-03-06,1,True
02100979,2025-03-06,1,True
02100947,2025-03-06,1,True
02100921,2025-03-06,1,True
28500079,2025-03-06,1,True
02400079,2025-03-06,1,True
02100907,2025-03-06,1,True
02100827,2025-03-06,1,True
02100948,2025-03-06,1,True
02100843,2025-03-06,1,True
02100822,2025-03-06,1,True
02100824,2025-03-06,1,True
02100961,2025-03-06,1,True
02100138,2025-03-06,1,True
09000246,2025-03-06,1,True
02100248,2025-03-06,1,True
02100911,2025-03-06,1,True
02100981,2025-03-06,1,True
02100987,2025-03-06,1,True
02100330,2025-03-06,1,True
02100960,2025-03-06,1,True
02100091,2025-03-06,1,True
02100928,2025-03-06,1,True
09000249,2025-03-06,1,True
09000290,2025-03-06,1,True
02100984,2025-03-06,1,True
70800787,2025-03-06,1,True
70800566,2025-03-06,1,True
70800570,2025-03-06,1,True
09000345,2025-03-06,1,True
53100530,2025-03-06,1,True
70800553,2025-03-06,1,True
70800552,2025-03-06,1,True
70800568,2025-03-06,1,True
53100517,2025-03-06,1,True
53100539,2025-03-06,1,True
53100520,2025-03-06,1,True
53100512,2025-03-06,1,True
53100503,2025-03-06,1,True
53100508,2025-03-06,1,True
70800551,2025-03-06,1,True
53100535,2025-03-06,1,True
53100534,2025-03-06,1,True
53100527,2025-03-06,1,True
53100509,2025-03-06,1,True
53100516,2025-03-06,1,True
53100538,2025-03-06,1,True
70800567,2025-03-06,1,True
53100504,2025-03-06,1,True
53100529,2025-03-06,1,True
53100515,2025-03-06,1,True
53100522,2025-03-06,1,True
540FC361,2025-03-06,1,True
53100993,2025-03-06,1,True
540FC261,2025-03-06,1,True
53100528,2025-03-06,1,True
70800560,2025-03-06,1,True
53100507,2025-03-06,1,True
53100536,2025-03-06,1,True
53100510,2025-03-06,1,True
53100531,2025-03-06,1,True
70800558,2025-03-06,1,True
53100525,2025-03-06,1,True
53100511,2025-03-06,1,True
53100543,2025-03-06,1,True
53100518,2025-03-06,1,True
53100537,2025-03-06,1,True
70800561,2025-03-06,1,True
53100524,2025-03-06,1,True
53100513,2025-03-06,1,True
70200988,2025-03-06,1,True
53100541,2025-03-06,1,True
02100966,2025-03-06,1,True
53100533,2025-03-06,1,True
53100526,2025-03-06,1,True
53100532,2025-03-06,1,True
53100501,2025-03-06,1,True
53100540,2025-03-06,1,True
53100519,2025-03-06,1,True
53100591,2025-03-06,1,True
53100542,2025-03-06,1,True
53100505,2025-03-06,1,True
53100506,2025-03-06,1,True
53100521,2025-03-06,1,True
53100514,2025-03-06,1,True
53100502,2025-03-06,1,True
53100523,2025-03-06,1,True
53100992,2025-03-06,1,True
53400991,2025-03-06,1,True
53100544,2025-03-06,1,True
540FC006,2025-03-06,1,True
53400874,2025-03-06,1,True
53400871,2025-03-06,1,True
02100704,2025-03-06,1,True
02100933,2025-03-06,1,True
53400891,2025-03-06,1,True
02100982,2025-03-06,1,True
53400856,2025-03-06,1,True
53400378,2025-03-06,1,True
53400414,2025-03-06,1,True
53400410,2025-03-06,1,True
53400387,2025-03-06,1,True
53400862,2025-03-06,1,True
53400877,2025-03-06,1,True
53400431,2025-03-06,1,True
53400348,2025-03-06,1,True
09000251,2025-03-06,1,True
02400915,2025-03-06,1,True
02100946,2025-03-06,1,True
02100922,2025-03-06,1,True
02100924,2025-03-06,1,True
02100943,2025-03-06,1,True
02100347,2025-03-06,1,True
02100856,2025-03-06,1,True
01800515,2025-03-06,1,True
01800715,2025-03-06,1,True
01800465,2025-03-06,1,True
01800706,2025-03-06,1,True
01800461,2025-03-06,1,True
01800716,2025-03-06,1,True
01800754,2025-03-06,1,True
01800737,2025-03-06,1,True
01800600,2025-03-06,1,True
01800684,2025-03-06,1,True
01800704,2025-03-06,1,True
01800637,2025-03-06,1,True
01800650,2025-03-06,1,True
01800449,2025-03-06,1,True
01800528,2025-03-06,1,True
01800492,2025-03-06,1,True
01800649,2025-03-06,1,True
01800714,2025-03-06,1,True
01800651,2025-03-06,1,True
01800620,2025-03-06,1,True
01800675,2025-03-06,1,True
01800709,2025-03-06,1,True
01800115,2025-03-06,1,True
01800409,2025-03-06,1,True
01800407,2025-03-06,1,True
01800406,2025-03-06,1,True
01800404,2025-03-06,1,True
01800413,2025-03-06,1,True
01800436,2025-03-06,1,True
01800419,2025-03-06,1,True
01800711,2025-03-06,1,True
01800437,2025-03-06,1,True
01800635,2025-03-06,1,True
01800738,2025-03-06,1,True
01800795,2025-03-06,1,True
01800811,2025-03-06,1,True
01800424,2025-03-06,1,True
01800277,2025-03-06,1,True
53400857,2025-03-06,1,True
53400878,2025-03-06,1,True
53400371,2025-03-06,1,True
53400845,2025-03-06,1,True
53400868,2025-03-06,1,True
53400882,2025-03-06,1,True
53400893,2025-03-06,1,True
53400360,2025-03-06,1,True
53400407,2025-03-06,1,True
53400887,2025-03-06,1,True
53400879,2025-03-06,1,True
53400847,2025-03-06,1,True
53400366,2025-03-06,1,True
53400432,2025-03-06,1,True
53400408,2025-03-06,1,True
53400185,2025-03-06,1,True
53400876,2025-03-06,1,True
53400880,2025-03-06,1,True
53400885,2025-03-06,1,True
53400365,2025-03-06,1,True
53400372,2025-03-06,1,True
53400890,2025-03-06,1,True
53400867,2025-03-06,1,True
53400846,2025-03-06,1,True
53400418,2025-03-06,1,True
53400416,2025-03-06,1,True
53400382,2025-03-06,1,True
53400381,2025-03-06,1,True
53400853,2025-03-06,1,True
53400397,2025-03-06,1,True
53400329,2025-03-06,1,True
53400186,2025-03-06,1,True
53400111,2025-03-06,1,True
53400107,2025-03-06,1,True
53400115,2025-03-06,1,True
53400351,2025-03-06,1,True
53400123,2025-03-06,1,True
53400403,2025-03-06,1,True
53400118,2025-03-06,1,True
53400187,2025-03-06,1,True
53400412,2025-03-06,1,True
53400405,2025-03-06,1,True
53400127,2025-03-06,1,True
53400406,2025-03-06,1,True
53400404,2025-03-06,1,True
61500316,2025-03-06,1,True
61500318,2025-03-06,1,True
61500319,2025-03-06,1,True
61500300,2025-03-06,1,True
61500301,2025-03-06,1,True
61500311,2025-03-06,1,True
61500302,2025-03-06,1,True
61500315,2025-03-06,1,True
61500321,2025-03-06,1,True
61500320,2025-03-06,1,True
61500323,2025-03-06,1,True
53400353,2025-03-06,1,True
02100953,2025-03-06,1,True
53400131,2025-03-06,1,True
53400179,2025-03-06,1,True
53400128,2025-03-06,1,True
53400182,2025-03-06,1,True
53400180,2025-03-06,1,True
53400183,2025-03-06,1,True
53400181,2025-03-06,1,True
53400394,2025-03-06,1,True
53400390,2025-03-06,1,True
53400178,2025-03-06,1,True
53400434,2025-03-06,1,True
53400102,2025-03-06,1,True
02100677,2025-03-06,1,True
53400393,2025-03-06,1,True
53400130,,0,True
02100317,,0,True
02100531,,0,True
02100918,,0,True
02100942,,0,True
02100917,,0,True
02100705,,0,True
02100923,,0,True
02100657,,0,True
02100647,,0,True
53400413,,0,True
53400388,,0,True
53400398,,0,True
53400888,,0,True
53400380,,0,True
53400386,,0,True
53400374,,0,True
53400315,,0,True
53400892,,0,True
53400415,,0,True
53400357,,0,True
53400417,,0,True
53400308,,0,True
53400430,,0,True
53400368,,0,True
53400889,,0,True
53400301,,0,True
53400384,,0,True
53400396,,0,True
53400392,,0,True
53400886,,0,True
53400472,,0,True
53400389,,0,True
53400343,,0,True
53400478,,0,True
53400375,,0,True
53400124,,0,True
53400175,,0,True
53400352,,0,True
53400101,,0,True
53400132,,0,True
53400121,,0,True
53400379,,0,True
70600180,,0,True
70600170,,0,True
70600168,,0,True
70600172,,0,True
70600166,,0,True
70100049,,0,True
70100351,,0,True
70100657,,0,True
70100214,,0,True
02100888,,0,True
09000258,,0,True
09000278,,0,True
02100724,,0,True
09000411,,0,True
09000320,,0,True
09000408,,0,True
09000279,,0,True
09000404,,0,True
09000274,,0,True
09000402,,0,True
09000277,,0,True
02100537,,0,True
61500125,,0,True
61500124,,0,True
61500118,,0,True
61500122,,0,True
61500116,,0,True
61500119,,0,True
02500687,,0,True
61500040,,0,True
61500098,,0,True
61500070,,0,True
61500068,,0,True
61500019,,0,True
61500067,,0,True
61500054,,0,True
61500047,,0,True
61500088,,0,True
61500087,,0,True
61500037,,0,True
61500039,,0,True
61500015,,0,True
61500094,,0,True
61500108,,0,True
02500624,,0,True
61500044,,0,True
61500029,,0,True
61500095,,0,True
61500074,,0,True
61500041,,0,True
61500036,,0,True
61500084,,0,True
61500077,,0,True
61500018,,0,True
61500085,,0,True
61500045,,0,True
61500012,,0,True
61500066,,0,True
61500020,,0,True
61500056,,0,True
61500083,,0,True
61500096,,0,True
61500032,,0,True
61500091,,0,True
61500057,,0,True
61500033,,0,True
61500089,,0,True
61500065,,0,True
61500038,,0,True
61500034,,0,True
61500092,,0,True
61500016,,0,True
61500049,,0,True
61500272,,0,True
61500072,,0,True
61500081,,0,True
61500063,,0,True
61500097,,0,True
61500010,,0,True
61500008,,0,True
61500025,,0,True
61500007,,0,True
61500003,,0,True
61500051,,0,True
61500014,,0,True
61500061,,0,True
61500023,,0,True
61500009,,0,True
61500704,,0,True
61500001,,0,True
61500005,,0,True
61500060,,0,True
61500050,,0,True
61500073,,0,True
03400394,,0,True
03400747,,0,True
03400950,,0,True
03500381,,0,True
03400328,,0,True
03400325,,0,True
03500990,,0,True
03500566,,0,True
03500533,,0,True
03500412,,0,True
03500539,,0,True
03500534,,0,True
03500427,,0,True
03500953,,0,True
03500959,,0,True
03500490,,0,True
02500627,,0,True
02500550,,0,True
02500629,,0,True
02500637,,0,True
02500636,,0,True
02500639,,0,True
02500638,,0,True
02500630,,0,True
02500644,,0,True
02500621,,0,True
02500590,,0,True
02500619,,0,True
02500623,,0,True
02500582,,0,True
02500744,,0,True
02500622,,0,True
02500606,,0,True
02500642,,0,True
02500614,,0,True
02500613,,0,True
02500625,,0,True
02500652,,0,True
03500957,,0,True
540FC253,,0,True
03500991,,0,True
03500824,,0,True
03500984,,0,True
03500573,,0,True
03500488,,0,True
03500565,,0,True
03500589,,0,True
03500567,,0,True
03500561,,0,True
03500580,,0,True
03500548,,0,True
03500560,,0,True
03500547,,0,True
03500568,,0,True
03500698,,0,True
03500493,,0,True
03500544,,0,True
03500546,,0,True
03500586,,0,True
03500522,,0,True
03500879,,0,True
03500570,,0,True
03500581,,0,True
03500578,,0,True
03500599,,0,True
03500540,,0,True
03500563,,0,True
03500557,,0,True
03500461,,0,True
03500460,,0,True
03500587,,0,True
03500574,,0,True
03500689,,0,True
03500572,,0,True
03500456,,0,True
03500517,,0,True
03500526,,0,True
03500585,,0,True
03500870,,0,True
03500559,,0,True
03500448,,0,True
03500575,,0,True
03500588,,0,True
03500511,,0,True
03500577,,0,True
03500403,,0,True
03500562,,0,True
03500516,,0,True
03500542,,0,True
03500512,,0,True
03500576,,0,True
03500532,,0,True
03500537,,0,True
03500535,,0,True
03500530,,0,True
03500536,,0,True
03500582,,0,True
03500521,,0,True
03500807,,0,True
03500451,,0,True
03500844,,0,True
03500402,,0,True
03500429,,0,True
03500439,,0,True
03500450,,0,True
03500518,,0,True
03500209,,0,True
03500579,,0,True
03500528,,0,True
03500529,,0,True
03500509,,0,True
03500893,,0,True
03500492,,0,True
03500495,,0,True
03500213,,0,True
03500435,,0,True
03500995,,0,True
540FC005,,0,True
03500191,,0,True
03500543,,0,True
03500527,,0,True
03500413,,0,True
03500545,,0,True
03500688,,0,True
03500817,,0,True
03500851,,0,True
03500538,,0,True
03500436,,0,True
03500445,,0,True
03500695,,0,True
03500592,,0,True
03500584,,0,True
03500594,,0,True
03500520,,0,True
03500224,,0,True
03500596,,0,True
03500590,,0,True
03500431,,0,True
03500591,,0,True
03500415,,0,True
03500917,,0,True
03400145,,0,True
03400014,,0,True
03400142,,0,True
03400383,,0,True
03400357,,0,True
03400361,,0,True
03400136,,0,True
03400389,,0,True
03400732,,0,True
03400316,,0,True
03400365,,0,True
03400373,,0,True
03400138,,0,True
03400137,,0,True
03400117,,0,True
03400130,,0,True
03400390,,0,True
03400364,,0,True
03400359,,0,True
03400310,,0,True
03400150,,0,True
03400318,,0,True
03400974,,0,True
03400367,,0,True
03400128,,0,True
03400190,,0,True
03400351,,0,True
03400319,,0,True
03400358,,0,True
03400331,,0,True
03500993,,0,True
03500992,,0,True
03400609,,0,True
03400312,,0,True
03400356,,0,True
03400017,,0,True
03400355,,0,True
03400346,,0,True
03400314,,0,True
03400309,,0,True
03400223,,0,True
03400600,,0,True
03400740,,0,True
03400607,,0,True
03400366,,0,True
03400363,,0,True
03400313,,0,True
03400739,,0,True
03400161,,0,True
03400156,,0,True
03400735,,0,True
03400396,,0,True
03400311,,0,True
03400275,,0,True
03400349,,0,True
03400737,,0,True
03400371,,0,True
03400374,,0,True
03400395,,0,True
03400748,,0,True
03400308,,0,True
03400307,,0,True
03400347,,0,True
03400337,,0,True
03400354,,0,True
03400376,,0,True
03400352,,0,True
03400343,,0,True
03400392,,0,True
03400375,,0,True
03400738,,0,True
03400327,,0,True
03400115,,0,True
03400746,,0,True
03400378,,0,True
03400334,,0,True
03400264,,0,True
03400322,,0,True
03400009,,0,True
03400320,,0,True
03400362,,0,True
03400131,,0,True
03400336,,0,True
03400122,,0,True
03400397,,0,True
03400733,,0,True
03400743,,0,True
03400179,,0,True
03400300,,0,True
03400121,,0,True
03400385,,0,True
03400038,,0,True
03400744,,0,True
03400146,,0,True
03400010,,0,True
03400144,,0,True
03400734,,0,True
03400342,,0,True
03400321,,0,True
03400398,,0,True
03400241,,0,True
03400108,,0,True
03400256,,0,True
03400302,,0,True
03400149,,0,True
62000010,,0,True
62000630,,0,True
62000030,,0,True
62000014,,0,True
62000139,,0,True
62000049,,0,True
62000052,,0,True
62000035,,0,True
62000128,,0,True
62000069,,0,True
62000123,,0,True
62000026,,0,True
62000124,,0,True
62000005,,0,True
62000100,,0,True
62000093,,0,True
62000021,,0,True
62000072,,0,True
62000084,,0,True
62000016,,0,True
62000111,,0,True
62000083,,0,True
62000096,,0,True
62000029,,0,True
62000038,,0,True
62000065,,0,True
62000001,,0,True
62000092,,0,True
62000115,,0,True
62000056,,0,True
62000126,,0,True
62000063,,0,True
62000131,,0,True
62000110,,0,True
62000047,,0,True
62000109,,0,True
62000107,,0,True
540FC007,,0,True
62000991,,0,True
62000088,,0,True
62000007,,0,True
62000019,,0,True
62000122,,0,True
62000027,,0,True
62000090,,0,True
62000057,,0,True
62000108,,0,True
62000031,,0,True
62000127,,0,True
62000114,,0,True
62000003,,0,True
62000034,,0,True
62000041,,0,True
62000008,,0,True
62000059,,0,True
62000024,,0,True
62000050,,0,True
62000075,,0,True
62000121,,0,True
62000060,,0,True
62000078,,0,True
62000640,,0,True
62000091,,0,True
62000040,,0,True
62000022,,0,True
62000068,,0,True
62000062,,0,True
62000036,,0,True
62000020,,0,True
62000025,,0,True
62000116,,0,True
62000045,,0,True
62000101,,0,True
62000055,,0,True
62000082,,0,True
62000081,,0,True
62000086,,0,True
62000085,,0,True
62000125,,0,True
62000118,,0,True
62000136,,0,True
62000137,,0,True
62000089,,0,True
62000112,,0,True
62000132,,0,True
62000129,,0,True
62000135,,0,True
62000013,,0,True
62000138,,0,True
62000033,,0,True
62000105,,0,True
62000061,,0,True
62000028,,0,True
62000080,,0,True
62000147,,0,True
62000151,,0,True
62000119,,0,True
62000077,,0,True
62000098,,0,True
62000076,,0,True
62000134,,0,True
62000053,,0,True
62000130,,0,True
540FC272,,0,True
62000133,,0,True
62000103,,0,True
62000006,,0,True
62000058,,0,True
62000431,,0,True
62000087,,0,True
62000064,,0,True
62000102,,0,True
62000042,,0,True
62000074,,0,True
62000992,,0,True
62000044,,0,True
540FC271,,0,True
62000446,,0,True
62000073,,0,True
62000104,,0,True
62000117,,0,True
62000146,,0,True
62000097,,0,True
62000420,,0,True
62000430,,0,True
62000414,,0,True
62000009,,0,True
62000099,,0,True
62000415,,0,True
62000412,,0,True
62000079,,0,True
62000442,,0,True
62000426,,0,True
62000434,,0,True
62000011,,0,True
62000032,,0,True
62000433,,0,True
62000405,,0,True
62000447,,0,True
62000416,,0,True
62000499,,0,True
62000441,,0,True
62000443,,0,True
62000417,,0,True
62000043,,0,True
62000012,,0,True
62000437,,0,True
62000419,,0,True
62000422,,0,True
70600426,,0,True
62000445,,0,True
62000440,,0,True
62000403,,0,True
62000429,,0,True
62000404,,0,True
62000408,,0,True
62000410,,0,True
62000421,,0,True
62000406,,0,True
62000401,,0,True
62000451,,0,True
62000444,,0,True
62000425,,0,True
62000413,,0,True
70600409,,0,True
70600185,,0,True
70600183,,0,True
70600086,,0,True
70600072,,0,True
70600131,,0,True
70600030,,0,True
70600135,,0,True
70600279,,0,True
70600149,,0,True
70600277,,0,True
70600444,,0,True
70600214,,0,True
70600093,,0,True
70600140,,0,True
70600087,,0,True
70600477,,0,True
70600142,,0,True
70600001,,0,True
70600178,,0,True
70600475,,0,True
70600077,,0,True
70600272,,0,True
70600044,,0,True
70600094,,0,True
70600002,,0,True
70600028,,0,True
70600069,,0,True
70600080,,0,True
70600133,,0,True
70600081,,0,True
70600085,,0,True
70600066,,0,True
70600083,,0,True
70600047,,0,True
70600153,,0,True
70600137,,0,True
70600139,,0,True
70600147,,0,True
70600495,,0,True
70600132,,0,True
70600138,,0,True
70600065,,0,True
70600158,,0,True
70600274,,0,True
70600119,,0,True
70600073,,0,True
70600276,,0,True
70600108,,0,True
70600144,,0,True
70600207,,0,True
70600136,,0,True
70600187,,0,True
70600271,,0,True
70600182,,0,True
70600082,,0,True
70600075,,0,True
70600184,,0,True
70100156,,0,True
70100260,,0,True
70600061,,0,True
70600123,,0,True
70600035,,0,True
70100383,,0,True
70100613,,0,True
70100662,,0,True
70100449,,0,True
70100439,,0,True
70100198,,0,True
70100685,,0,True
70100226,,0,True
70600048,,0,True
70600042,,0,True
70600278,,0,True
70600189,,0,True
70600280,,0,True
70600342,,0,True
66000135,,0,True
66000002,,0,True
66000129,,0,True
66000088,,0,True
66000005,,0,True
66000128,,0,True
66000101,,0,True
66000043,,0,True
66000081,,0,True
66000124,,0,True
66000046,,0,True
66000623,,0,True
66000607,,0,True
66000612,,0,True
66000609,,0,True
66000610,,0,True
66000022,,0,True
66000113,,0,True
66000010,,0,True
66000621,,0,True
66000121,,0,True
66000125,,0,True
66000027,,0,True
66000136,,0,True
66000627,,0,True
66000062,,0,True
66000641,,0,True
01400026,,0,True
01600998,,0,True
66000628,,0,True
66000087,,0,True
66000120,,0,True
66000622,,0,True
66000037,,0,True
66000126,,0,True
66000026,,0,True
66000618,,0,True
66000054,,0,True
66000698,,0,True
66000051,,0,True
66000011,,0,True
66000040,,0,True
66000127,,0,True
66000624,,0,True
66000617,,0,True
66000619,,0,True
66000123,,0,True
66000079,,0,True
66000012,,0,True
66000052,,0,True
66000006,,0,True
540FC009,,0,True
66000028,,0,True
66000673,,0,True
66000045,,0,True
66000069,,0,True
66000611,,0,True
66000070,,0,True
66000056,,0,True
66000625,,0,True
66000072,,0,True
66000066,,0,True
66000064,,0,True
66000023,,0,True
66000615,,0,True
66000089,,0,True
66000060,,0,True
66000122,,0,True
66000096,,0,True
66000055,,0,True
66000681,,0,True
66000112,,0,True
66000114,,0,True
66000655,,0,True
66000474,,0,True
66000668,,0,True
66000074,,0,True
66000658,,0,True
66000075,,0,True
66000073,,0,True
66000667,,0,True
66000115,,0,True
66000670,,0,True
66000067,,0,True
66000657,,0,True
66000674,,0,True
66000694,,0,True
66000676,,0,True
66000686,,0,True
66000086,,0,True
66000683,,0,True
66000078,,0,True
66000061,,0,True
66000680,,0,True
66000678,,0,True
66000692,,0,True
66000675,,0,True
66000665,,0,True
66000656,,0,True
66000693,,0,True
66000672,,0,True
66000682,,0,True
66000669,,0,True
66000084,,0,True
66000109,,0,True
66000048,,0,True
66000689,,0,True
66000018,,0,True
66000117,,0,True
66000677,,0,True
66000057,,0,True
66000036,,0,True
66000138,,0,True
66000131,,0,True
66000021,,0,True
66000034,,0,True
66000017,,0,True
66000137,,0,True
66000042,,0,True
66000033,,0,True
66000020,,0,True
66000058,,0,True
66000083,,0,True
66000090,,0,True
66000679,,0,True
66000116,,0,True
66000077,,0,True
66000063,,0,True
70600188,,0,True
66000103,,0,True
66000699,,0,True
66000107,,0,True
70400781,,0,True
70400774,,0,True
66000059,,0,True
66000104,,0,True
70600190,,0,True
70600191,,0,True
70600473,,0,True
70600334,,0,True
70600355,,0,True
70600345,,0,True
70600338,,0,True
70600305,,0,True
70600318,,0,True
70600306,,0,True
70600331,,0,True
70600381,,0,True
70600301,,0,True
70600361,,0,True
70600354,,0,True
70600358,,0,True
70600350,,0,True
70600377,,0,True
70600332,,0,True
70600370,,0,True
70600367,,0,True
70600366,,0,True
70600372,,0,True
70600348,,0,True
70600399,,0,True
310DC310,,0,True
70600376,,0,True
70600304,,0,True
70600385,,0,True
70600346,,0,True
70600394,,0,True
70600351,,0,True
70600319,,0,True
70600371,,0,True
70600347,,0,True
70600396,,0,True
70600311,,0,True
70600364,,0,True
70600349,,0,True
70600315,,0,True
70600341,,0,True
70600461,,0,True
70600491,,0,True
70600424,,0,True
70600439,,0,True
70600494,,0,True
70600459,,0,True
70600450,,0,True
70600432,,0,True
70600427,,0,True
70600485,,0,True
70600413,,0,True
70600446,,0,True
70600463,,0,True
70600423,,0,True
70600496,,0,True
70600467,,0,True
70600448,,0,True
70600443,,0,True
70600571,,0,True
70600498,,0,True
70600414,,0,True
70600415,,0,True
70600357,,0,True
70600392,,0,True
70600378,,0,True
70600344,,0,True
70600356,,0,True
70600389,,0,True
70600388,,0,True
70600390,,0,True
70400375,,0,True
70300016,,0,True
70400381,,0,True
70300032,,0,True
70400770,,0,True
70300294,,0,True
70300022,,0,True
70400359,,0,True
70300291,,0,True
70300039,,0,True
70300289,,0,True
70300206,,0,True
70400344,,0,True
70300283,,0,True
70300293,,0,True
70400777,,0,True
70300100,,0,True
70400363,,0,True
70300724,,0,True
70400330,,0,True
70400321,,0,True
70300274,,0,True
70300277,,0,True
70400766,,0,True
70300284,,0,True
70300185,,0,True
70300086,,0,True
70400370,,0,True
70300060,,0,True
70300134,,0,True
70300156,,0,True
70400341,,0,True
70300133,,0,True
70400364,,0,True
70300873,,0,True
70400322,,0,True
70300097,,0,True
70300709,,0,True
70400399,,0,True
70300193,,0,True
70300095,,0,True
70300266,,0,True
70300759,,0,True
70300209,,0,True
70300056,,0,True
70300210,,0,True
70400307,,0,True
70300715,,0,True
70400378,,0,True
70300269,,0,True
70300701,,0,True
70300648,,0,True
70400324,,0,True
70300712,,0,True
70300278,,0,True
70300021,,0,True
70300279,,0,True
70300280,,0,True
70300044,,0,True
70300743,,0,True
70300281,,0,True
70300292,,0,True
70400379,,0,True
70300063,,0,True
70300645,,0,True
70300222,,0,True
70400313,,0,True
70300111,,0,True
70300096,,0,True
70300055,,0,True
70400336,,0,True
70300702,,0,True
70400327,,0,True
70300166,,0,True
70300173,,0,True
70400350,,0,True
70300896,,0,True
70300001,,0,True
70300295,,0,True
70400332,,0,True
70300887,,0,True
70400778,,0,True
70300047,,0,True
70300120,,0,True
70300017,,0,True
70400383,,0,True
70300053,,0,True
70400317,,0,True
70300730,,0,True
70300049,,0,True
70300245,,0,True
70400314,,0,True
70400309,,0,True
70300006,,0,True
70300132,,0,True
70300256,,0,True
70400323,,0,True
70400338,,0,True
70300110,,0,True
70400761,,0,True
70300041,,0,True
70300064,,0,True
70400377,,0,True
70400354,,0,True
70300189,,0,True
70400348,,0,True
70300704,,0,True
70400767,,0,True
70300070,,0,True
70300081,,0,True
70400326,,0,True
70300646,,0,True
70300721,,0,True
70300205,,0,True
70300213,,0,True
70300731,,0,True
70300088,,0,True
70400368,,0,True
70300196,,0,True
70300165,,0,True
70300728,,0,True
70300720,,0,True
70400760,,0,True
70300087,,0,True
70400772,,0,True
70400762,,0,True
70300251,,0,True
70300186,,0,True
70300178,,0,True
70400775,,0,True
70300233,,0,True
70300604,,0,True
70300083,,0,True
70300131,,0,True
70300650,,0,True
70400518,,0,True
70300296,,0,True
70300059,,0,True
70300071,,0,True
70400310,,0,True
70400508,,0,True
70300072,,0,True
70300033,,0,True
70300192,,0,True
70300888,,0,True
70300067,,0,True
70300008,,0,True
70300756,,0,True
70400382,,0,True
70300068,,0,True
70400340,,0,True
70400369,,0,True
70300139,,0,True
70300080,,0,True
70400396,,0,True
70300135,,0,True
70300745,,0,True
70300744,,0,True
70300161,,0,True
70300154,,0,True
70400337,,0,True
70300299,,0,True
70400358,,0,True
70300127,,0,True
70400376,,0,True
70300726,,0,True
70300026,,0,True
70300710,,0,True
70300009,,0,True
70300052,,0,True
70300620,,0,True
70300729,,0,True
70300723,,0,True
70300757,,0,True
70300727,,0,True
70300147,,0,True
70300084,,0,True
70300741,,0,True
70400360,,0,True
70400306,,0,True
70300045,,0,True
70300752,,0,True
70400320,,0,True
70300136,,0,True
70300098,,0,True
70400343,,0,True
70300717,,0,True
70400328,,0,True
70300013,,0,True
70300700,,0,True
70400389,,0,True
70300144,,0,True
70300113,,0,True
70400329,,0,True
70400303,,0,True
70300609,,0,True
70400786,,0,True
70300099,,0,True
70300117,,0,True
70400301,,0,True
70300078,,0,True
70300079,,0,True
70300753,,0,True
70300879,,0,True
70400398,,0,True
70400302,,0,True
70300288,,0,True
70400311,,0,True
70300076,,0,True
70400315,,0,True
70300223,,0,True
70400385,,0,True
70300755,,0,True
70300738,,0,True
70300004,,0,True
70300140,,0,True
70300118,,0,True
70400386,,0,True
70400305,,0,True
70300739,,0,True
70300287,,0,True
70300188,,0,True
70400780,,0,True
70300235,,0,True
70400346,,0,True
70300075,,0,True
70300159,,0,True
70400763,,0,True
70300123,,0,True
70400318,,0,True
70400374,,0,True
70300220,,0,True
70300051,,0,True
70300057,,0,True
70400333,,0,True
70300212,,0,True
70300077,,0,True
70300201,,0,True
70400394,,0,True
70400347,,0,True
70400349,,0,True
70300207,,0,True
70300108,,0,True
70300019,,0,True
70300167,,0,True
70300105,,0,True
70300168,,0,True
70400345,,0,True
70300090,,0,True
70300683,,0,True
70300175,,0,True
70400300,,0,True
70300054,,0,True
70300686,,0,True
70400319,,0,True
70300221,,0,True
70300015,,0,True
70300181,,0,True
70300611,,0,True
70400308,,0,True
70300027,,0,True
70300160,,0,True
70400517,,0,True
70400765,,0,True
70300681,,0,True
70400782,,0,True
70400312,,0,True
70400397,,0,True
70400335,,0,True
70300664,,0,True
70300062,,0,True
70300680,,0,True
70300010,,0,True
70400771,,0,True
70400779,,0,True
70300656,,0,True
70400365,,0,True
70300271,,0,True
70400384,,0,True
70400783,,0,True
70400520,,0,True
70400316,,0,True
70400339,,0,True
70400784,,0,True
70400387,,0,True
70400769,,0,True
70400534,,0,True
70400351,,0,True
70400357,,0,True
70400352,,0,True
70400764,,0,True
70400532,,0,True
70400371,,0,True
70400501,,0,True
70400355,,0,True
70100030,,0,True
70100165,,0,True
70100196,,0,True
70100195,,0,True
70100126,,0,True
70100281,,0,True
70100035,,0,True
70100482,,0,True
70100143,,0,True
70100375,,0,True
70100285,,0,True
70500202,,0,True
70500201,,0,True
70100393,,0,True
70100661,,0,True
70100004,,0,True
70100040,,0,True
70100360,,0,True
70500206,,0,True
70200511,,0,True
70100255,,0,True
70100060,,0,True
70100240,,0,True
70100051,,0,True
70100150,,0,True
70100135,,0,True
70100600,,0,True
70100516,,0,True
70100220,,0,True
70500205,,0,True
70100153,,0,True
70100125,,0,True
70100253,,0,True
70100063,,0,True
70100012,,0,True
70100128,,0,True
70100683,,0,True
70100242,,0,True
70100651,,0,True
70100075,,0,True
70100069,,0,True
70100694,,0,True
70100140,,0,True
70100208,,0,True
70100093,,0,True
70100462,,0,True
70100460,,0,True
70500212,,0,True
70100236,,0,True
70100660,,0,True
70100127,,0,True
70100614,,0,True
70100663,,0,True
70100225,,0,True
70100090,,0,True
70100355,,0,True
70100185,,0,True
70100377,,0,True
70100372,,0,True
70100005,,0,True
70100007,,0,True
70100070,,0,True
70100218,,0,True
70100486,,0,True
70100650,,0,True
70500126,,0,True
70100659,,0,True
70100186,,0,True
70100604,,0,True
70100227,,0,True
70100424,,0,True
70500105,,0,True
70100325,,0,True
70100328,,0,True
70100417,,0,True
70100464,,0,True
70100021,,0,True
70100050,,0,True
70100163,,0,True
70100286,,0,True
70100652,,0,True
70100682,,0,True
70500837,,0,True
70100053,,0,True
70500863,,0,True
70500803,,0,True
70100019,,0,True
70100172,,0,True
70100041,,0,True
70100665,,0,True
70100031,,0,True
70500871,,0,True
70100215,,0,True
70100459,,0,True
70100265,,0,True
70100111,,0,True
70500821,,0,True
70100658,,0,True
70500829,,0,True
70500827,,0,True
70500831,,0,True
70500805,,0,True
70500840,,0,True
70100028,,0,True
70500806,,0,True
70500824,,0,True
70500822,,0,True
70500874,,0,True
70500839,,0,True
70100385,,0,True
70500825,,0,True
70500826,,0,True
70100023,,0,True
70500849,,0,True
70500808,,0,True
70100390,,0,True
70500859,,0,True
70500883,,0,True
70100605,,0,True
70100664,,0,True
70500847,,0,True
70100615,,0,True
70100061,,0,True
70500820,,0,True
70500887,,0,True
70500860,,0,True
70100691,,0,True
70500881,,0,True
70500894,,0,True
70500878,,0,True
70500807,,0,True
70500869,,0,True
70100391,,0,True
70500811,,0,True
70500828,,0,True
70100608,,0,True
70500891,,0,True
70500838,,0,True
70100122,,0,True
70500866,,0,True
70100179,,0,True
70500972,,0,True
70500872,,0,True
70100655,,0,True
70500858,,0,True
70500819,,0,True
70500850,,0,True
70100013,,0,True
70100171,,0,True
70500816,,0,True
70100457,,0,True
70500857,,0,True
70500851,,0,True
70100180,,0,True
70100210,,0,True
70500835,,0,True
70500856,,0,True
70100688,,0,True
70500101,,0,True
70100458,,0,True
70500832,,0,True
70100095,,0,True
70100681,,0,True
70500852,,0,True
70500853,,0,True
70100603,,0,True
70100209,,0,True
70500870,,0,True
70500106,,0,True
70500879,,0,True
70500841,,0,True
70100654,,0,True
70100024,,0,True
70100025,,0,True
70100667,,0,True
70100018,,0,True
70100011,,0,True
70100656,,0,True
70100071,,0,True
70100668,,0,True
70100653,,0,True
70100649,,0,True
70100017,,0,True
70100224,,0,True
70100485,,0,True
70100158,,0,True
